age,income,loan_amount,credit_score,employment_years,default
59,34018,30291,674,17,1
49,41302,31289,807,1,1
35,97506,8389,697,21,1
63,71157,30683,419,10,0
28,84917,18629,736,25,0
41,122738,29826,764,24,0
59,126646,31630,585,12,1
39,113122,38226,564,3,0
43,54519,37975,619,21,0
31,126809,5899,675,6,0
31,117487,16653,388,28,0
44,86819,32961,502,10,1
56,110910,21405,633,21,0
60,101324,13601,521,23,0
44,35408,38662,340,3,0
23,89379,38282,367,27,0
42,55053,26288,813,14,0
22,39446,34545,426,0,0
44,30922,20313,554,22,1
64,128723,20349,315,2,1
50,81356,12179,776,13,0
58,40789,15326,361,5,0
22,127720,6560,731,17,1
41,96656,18612,567,24,0
53,74028,22650,334,0,0
32,94484,31745,793,5,0
42,62154,36890,768,5,0
64,112870,25022,624,20,0
45,32336,9780,603,15,1
47,133677,23311,575,28,0
62,97779,33380,500,4,0
48,49029,7356,744,16,0
36,89201,9790,623,9,0
35,62265,31911,334,27,0
64,132916,29363,781,20,0
23,142250,25049,779,17,0
57,146553,15181,364,6,0
27,73872,21082,307,2,1
41,76197,5661,600,12,1
29,85180,7920,642,14,0
59,53710,30658,730,19,0
38,59486,19025,723,18,0
24,101907,13946,631,2,0
45,101895,33706,737,3,0
34,94435,21309,473,4,0
29,70631,38120,826,0,0
46,131532,35027,325,3,1
22,50103,12005,705,11,1
40,94772,5956,531,27,1
48,44382,39839,832,26,0
27,114291,13595,849,23,0
64,131195,17803,804,9,0
28,33756,30963,478,22,0
55,50609,38723,431,24,0
34,144074,20282,754,20,0
37,46478,9703,647,28,0
56,130978,11563,839,25,1
60,69666,30849,705,19,0
24,105683,36860,375,23,0
22,129097,36585,791,24,0
26,130420,27015,493,12,0
62,101315,17003,461,22,0
24,107834,31958,646,13,0
49,44153,31017,660,22,0
38,139415,16171,386,4,0
46,106325,17201,561,3,0
64,139701,34426,513,13,0
54,42999,22778,561,9,0
30,85318,26116,582,16,1
56,30814,38297,766,9,0
34,145033,24342,679,25,0
51,106077,32490,661,6,0
35,120474,24975,748,15,1
28,32443,31723,740,0,1
34,105993,28279,392,16,0
43,105916,17765,723,20,0
60,103319,16561,441,28,1
41,139777,5525,590,8,0
36,47368,27861,731,5,0
38,45328,38142,348,18,0
44,86942,31916,601,12,1
46,121751,9648,489,2,1
45,129131,35523,435,6,0
61,57306,34052,703,21,0
49,115451,39414,640,8,0
35,69915,37781,617,21,0
21,67219,9599,662,4,1
45,110879,8814,681,9,0
27,141939,31616,532,22,0
29,94644,7113,643,16,0
44,90279,18760,848,11,0
21,83028,26927,828,22,0
64,134263,25939,482,15,0
28,30126,37419,340,2,0
44,82329,17588,696,29,0
31,57632,38397,793,24,0
37,137099,21653,632,21,0
28,95310,15831,426,8,0
55,139945,10724,300,28,1
55,85176,16083,467,14,1
53,149797,24816,318,4,1
25,116066,11276,631,22,0
62,135500,18994,755,12,1
59,74327,28499,408,13,0
61,98904,28040,567,19,0
48,33797,21959,744,14,0
27,77882,11099,539,15,0
29,43718,24576,600,22,0
28,64560,11116,402,12,0
32,106589,20563,549,16,0
54,52116,31788,752,22,0
53,66244,31928,819,7,0
43,131721,14847,452,20,0
44,31645,31155,473,1,0
57,77523,19135,642,4,1
55,147718,22774,730,5,1
64,49256,6742,623,11,0
60,131376,23309,719,17,0
42,130158,5619,784,29,0
47,83173,22658,711,21,1
55,67430,39707,383,21,0
21,69282,25337,412,0,0
55,149719,21001,631,29,0
57,93374,5968,677,16,0
34,98244,30892,340,29,0
23,41694,30619,404,10,1
21,86264,5281,501,9,0
25,105060,32420,749,18,0
46,127416,20360,565,13,1
34,87545,6058,509,25,1
59,148195,25677,417,9,0
47,69224,15724,676,14,0
29,132516,33404,839,27,0
35,127945,34856,383,18,1
35,43224,14200,753,3,0
46,70738,38997,813,1,1
62,55150,30611,686,8,0
33,93731,6239,649,9,0
52,79688,5125,595,27,0
59,129929,28857,557,10,0
52,138618,20398,380,13,0
24,103509,11638,567,6,0
50,38577,11570,718,22,0
57,38070,8249,534,14,1
43,38666,14110,610,21,0
59,87761,18605,656,18,0
35,66368,17115,512,21,0
63,36783,27911,348,14,0
49,141530,37556,426,29,0
56,71914,17595,522,27,0
33,100507,6969,578,23,1
52,109026,22275,707,7,0
27,145893,9470,804,10,0
42,141255,15225,593,28,0
48,140616,28196,576,8,0
22,97526,18669,737,14,0
62,100835,20577,406,0,1
26,75765,27473,719,29,1
48,49956,33625,728,0,0
48,117895,20504,674,18,0
64,76240,29089,372,2,0
64,67148,5302,329,9,0
40,124270,36463,487,7,0
50,34757,34259,663,14,0
31,49097,35659,750,9,0
48,40395,36890,494,0,0
45,46241,18598,455,28,0
59,133892,24508,471,17,0
53,57696,18380,340,1,0
21,145654,31984,362,18,0
47,100480,13125,322,12,1
33,76163,9033,659,21,0
61,49816,22087,374,0,0
23,79840,10704,417,1,0
59,132547,12848,679,28,1
26,82853,26592,589,15,0
28,54917,11924,739,14,0
47,126731,32208,306,12,0
29,51566,24614,495,15,0
57,105452,5488,720,16,1
53,92823,30923,492,20,0
62,50806,34165,447,28,1
64,105520,6667,501,28,1
44,31759,31213,743,6,1
35,71949,9114,718,23,0
52,122374,12761,726,25,0
52,32482,36116,778,16,0
44,54442,38768,774,6,0
61,63719,30426,425,12,0
32,88066,22772,694,4,0
59,123501,8712,624,25,0
22,32079,6367,691,16,0
23,32717,31200,739,2,1
57,89676,8726,503,6,0
37,57952,28616,785,25,1
22,116444,32723,330,16,0
22,72460,39958,687,6,1
48,120397,14108,733,20,0
43,102847,17178,675,0,0
57,123607,36324,643,16,1
52,119106,22824,742,29,0
53,48449,13927,374,16,1
21,63536,33144,454,10,0
39,94077,36010,729,24,0
22,68258,27443,662,26,0
64,78302,19437,747,28,0
46,58865,16207,533,2,0
52,36645,30537,561,14,0
26,149771,17040,424,28,0
52,68000,27612,544,20,0
24,56737,33441,841,10,1
31,41485,11471,784,25,1
37,68565,31523,421,27,0
58,55522,36348,424,15,0
44,149614,6177,848,24,0
25,95155,9760,469,21,0
54,85168,37779,423,27,1
26,82487,26636,334,8,1
42,42342,21353,386,23,0
31,70806,16556,500,23,0
36,78770,32598,668,0,0
53,108623,16563,376,28,1
29,133177,13234,358,24,0
26,129785,30519,730,21,0
36,105629,31966,799,15,0
49,82603,21173,408,8,0
23,142726,31987,577,18,0
40,111974,18178,367,11,1
56,135947,29596,368,18,0
39,56399,38174,464,21,0
46,115382,9431,788,8,0
23,111244,32764,604,6,0
39,139575,26627,664,13,0
40,145520,13906,678,28,0
52,140904,18076,642,18,0
27,106534,11012,653,18,0
61,85106,12151,715,1,0
53,142599,33211,408,8,0
60,60678,32117,796,12,1
59,106218,11894,640,14,0
38,93230,18467,682,2,0
60,144684,36010,832,10,0
21,104055,17289,599,20,0
31,86373,28171,438,13,0
48,61480,39905,658,29,0
45,115230,25829,798,24,0
43,98836,39054,684,7,0
51,102258,34734,579,17,0
50,69986,12052,782,18,1
62,54160,8654,410,15,1
55,115595,28486,438,1,0
27,131358,23743,734,7,0
36,109111,29489,808,21,1
46,94929,13636,572,5,1
22,103506,11441,398,11,0
21,64911,29611,403,14,0
32,117127,17149,513,24,0
25,61821,39566,464,7,0
57,105039,26675,819,3,0
52,90535,10495,583,14,0
29,143453,18673,816,27,0
61,114458,16130,463,19,0
55,42175,27668,363,24,0
39,149235,20222,390,16,0
36,84771,28669,416,12,0
23,136660,39068,566,17,0
40,116925,28253,439,1,0
44,143374,14435,545,12,1
53,96358,33552,694,12,0
44,47327,21393,786,21,0
31,77057,15617,775,14,0
28,36150,14852,816,19,0
56,34425,36401,483,28,1
58,46032,11295,319,26,0
60,32198,39084,823,9,0
40,90500,12227,828,28,0
55,83394,36910,446,2,0
45,50079,28384,603,18,1
55,66220,5145,527,2,1
45,71874,21035,401,21,0
49,43859,8040,716,13,0
38,80460,31160,515,7,1
38,61419,22633,706,26,1
22,148865,34344,698,22,0
55,38705,22014,798,29,0
36,72880,19996,764,3,0
61,53236,16695,381,26,1
56,117955,7852,664,27,0
53,115514,21014,462,19,0
24,133145,32042,347,10,0
53,45358,38755,810,25,0
34,129713,28711,628,10,0
41,124914,31122,415,26,0
40,132870,14160,636,29,0
28,106918,32213,446,10,0
27,149179,12421,622,1,0
23,146243,26400,742,29,0
37,44596,38537,312,16,0
53,63572,22727,793,8,1
32,108757,9358,586,27,0
42,31279,33482,413,27,0
42,93197,37117,779,1,0
50,141496,28164,321,28,0
58,92516,36910,648,23,0
58,37083,37496,619,14,0
28,139397,34371,425,15,0
47,47771,22625,576,24,0
47,59975,38893,503,3,0
54,75648,15793,493,7,0
41,78285,36007,846,8,0
50,49063,30766,585,25,0
53,97642,17323,356,25,0
48,120093,12843,602,4,0
53,144390,19210,462,15,1
25,116143,21456,318,12,1
39,67599,36367,669,29,0
24,81920,15106,563,6,0
55,58529,7472,412,25,0
37,65954,11704,787,19,0
64,57856,8713,626,16,0
48,32573,10051,841,2,1
50,108344,15756,364,4,0
49,65367,7475,591,18,1
26,132337,9255,324,11,0
55,136732,19484,848,28,0
61,129608,39503,300,26,0
57,90774,13258,848,6,0
44,53752,13533,440,27,0
49,85029,37581,487,8,0
51,47685,10249,427,27,0
55,81693,24201,500,5,1
53,146739,14686,426,28,0
41,85961,37007,556,25,1
52,136937,5661,846,16,1
43,106908,35137,493,15,0
53,104532,15526,403,22,0
23,111994,8374,834,2,0
38,86133,30592,564,20,1
45,127425,33982,683,25,0
62,91268,5207,559,3,0
51,122201,28197,713,9,0
23,68243,38400,657,4,0
60,87384,8083,374,20,0
44,61653,34328,654,21,0
52,56657,25103,487,29,0
42,69952,15754,589,9,1
43,52180,39447,344,11,0
22,127432,20901,382,9,1
47,108411,38004,422,28,0
62,31622,12446,657,12,1
22,78756,34301,827,10,0
46,70809,31116,365,21,0
37,46725,23752,674,15,0
60,91396,37376,461,7,1
53,81226,21669,679,7,0
29,136296,37916,657,26,1
63,111182,18395,487,24,1
59,112565,25421,621,7,0
49,59402,31342,749,12,0
62,34263,9895,773,26,0
46,126523,16023,312,1,0
55,76828,15699,483,29,1
45,77924,14715,410,29,0
44,104182,24169,807,11,0
33,123065,21163,589,9,1
27,89052,10782,594,11,0
56,41664,27641,750,10,1
40,65737,23792,514,14,0
21,131332,35682,326,15,0
28,119563,23880,530,16,0
36,59373,23073,620,25,0
34,147369,29837,532,1,0
32,66397,22826,736,17,0
43,116145,29981,832,11,0
35,131371,15382,702,18,0
48,68709,9437,352,25,0
54,146074,10435,612,22,0
22,91120,29819,580,17,0
52,49250,36982,330,29,0
43,51172,38328,636,16,0
42,41555,17329,482,29,0
45,117410,30169,322,5,0
42,108617,26932,843,24,0
42,83276,39594,745,14,0
62,87492,16421,373,2,0
26,83002,12629,309,5,1
35,119599,13325,783,2,0
63,102355,33495,755,29,0
57,121248,36750,459,28,0
53,54762,34619,313,0,0
28,41046,13264,477,29,1
64,126999,17686,711,12,0
64,146021,29226,352,27,0
25,58769,11721,707,20,0
59,83302,25609,321,25,0
24,53150,12373,329,13,0
26,98247,33937,559,12,0
52,34853,10656,504,26,0
50,124613,13984,358,3,0
55,119399,34984,770,6,0
60,51792,13286,765,21,0
36,89129,10901,311,9,0
33,136019,36552,589,6,0
62,104478,30709,653,20,1
50,143811,36055,374,14,0
39,144130,13429,740,14,1
37,97298,19716,540,3,0
39,61987,16138,453,22,0
48,45850,28429,395,22,0
46,42112,10772,593,5,0
57,54058,22347,508,23,0
46,75420,21920,642,19,0
43,68890,36822,387,25,0
29,96017,28563,689,4,1
32,77304,12967,624,19,0
21,62921,16871,456,11,0
21,135921,33763,436,0,0
54,31524,16916,727,27,0
52,130424,13734,751,7,0
45,45048,38613,440,0,0
60,65111,33179,382,4,1
21,67904,17677,476,21,0
36,84912,23268,497,5,0
59,64008,17330,720,28,0
25,30060,25733,700,20,1
42,104666,32286,770,2,0
49,113559,11610,517,14,0
23,85337,11430,474,4,0
32,140616,18828,322,27,0
46,43350,36497,534,23,0
36,54354,31526,312,13,0
57,75186,35158,400,17,0
42,58145,30032,835,15,0
49,64020,34794,822,5,0
34,116123,10448,751,24,0
48,136667,33861,730,23,0
25,105186,33141,832,13,0
50,115469,14074,592,26,0
25,50581,11406,400,23,0
32,118929,36823,801,7,0
36,53051,28291,603,28,1
46,81474,37003,839,6,1
46,121748,39406,654,7,0
41,144618,28312,602,12,0
59,99626,6382,795,5,0
56,36960,39171,526,17,0
53,65772,8292,535,1,0
50,51520,38187,754,7,0
57,79481,17411,312,10,0
43,66408,20422,509,0,0
30,124006,37371,696,21,0
25,87134,10693,399,28,0
56,50491,38535,330,5,0
54,31341,19818,827,15,0
51,74623,36238,628,26,1
30,120327,35874,465,19,1
39,30338,31715,758,11,0
52,101431,32605,399,10,0
21,42254,39317,472,28,0
25,81860,36174,461,26,0
24,41344,14956,562,28,0
36,31750,15837,573,9,0
44,84756,8716,302,2,0
36,97957,9481,327,12,0
22,135423,29282,625,26,0
48,88053,11548,448,2,0
52,100855,12758,839,14,0
47,45896,28177,787,15,0
40,85761,29022,737,28,1
44,92552,10542,364,12,0
32,107454,30476,655,16,0
55,148681,35784,832,2,1
53,120600,27740,551,19,1
53,142153,29817,534,10,0
63,57935,21052,526,26,1
57,67641,5671,824,20,0
32,59711,5163,612,18,0
23,100342,9795,348,21,0
21,136896,15634,417,10,0
53,42182,9798,353,29,0
60,117833,27420,343,27,0
30,86276,34300,352,15,0
63,49541,29345,824,20,0
64,124457,15749,401,2,0
49,112310,30121,697,21,0
33,74813,33411,437,5,0
32,67198,38361,686,13,0
51,38820,26223,410,23,0
22,54070,12394,316,17,1
55,99768,19056,481,16,0
43,41122,33380,835,3,0
37,110559,31035,840,22,0
46,103543,35620,470,14,0
28,113441,24877,708,10,0
49,71786,35911,677,25,0
46,124934,37784,487,2,0
30,129804,8191,529,2,0
46,36737,38160,418,15,1
54,66062,30000,455,4,0
61,84237,8631,764,20,0
27,81571,11172,403,28,1
24,55510,28561,801,9,0
31,49426,29817,474,18,0
49,67265,25281,720,24,0
56,47850,33671,433,3,0
45,148249,30364,690,28,0
41,96150,32425,800,28,0
56,117312,33602,332,18,0
30,119613,28253,354,10,0
57,104910,28472,818,1,0
29,82375,13080,311,9,0
44,65435,12099,827,28,0
55,126443,30431,672,10,1
55,87132,36186,783,24,0
56,108945,35111,527,19,0
38,112050,27614,606,15,0
59,125402,31724,756,18,0
52,32983,9940,459,22,0
44,127241,33758,630,23,0
43,50662,12788,524,10,1
52,53510,33082,803,13,1
57,108187,29034,755,1,0
32,70998,16280,344,22,0
33,86846,23052,513,27,0
43,124071,21531,358,4,0
45,36640,27804,494,26,0
55,74547,33903,788,4,0
61,84620,15142,456,18,0
50,45317,14866,525,20,0
37,145608,9531,711,11,0
40,37564,33138,504,17,1
45,57345,32065,378,3,0
42,143824,34956,423,21,0
33,124223,15759,770,16,0
39,109273,10439,517,9,0
56,104859,33270,815,19,0
32,110765,18279,403,5,0
61,140017,28888,692,24,0
39,104038,22630,733,13,0
32,82393,36182,630,10,0
29,96081,30538,442,10,0
27,132650,16824,839,28,0
48,59430,37125,577,17,1
34,105532,11979,532,26,0
51,57788,31189,828,22,0
39,125505,17504,389,21,0
36,78543,25669,791,17,1
25,43919,11910,498,23,0
55,99346,39964,661,22,0
32,126122,25131,740,10,0
45,69974,30227,325,20,0
41,137309,10978,324,11,0
56,46371,26991,693,4,0
43,75084,22153,806,22,1
36,59629,38548,600,8,0
59,81184,8983,638,26,0
62,91916,14503,566,24,0
59,103972,34921,760,8,0
34,92187,21905,755,21,1
51,42984,28953,659,9,0
25,63039,31806,367,21,0
55,115431,27168,711,18,0
43,113691,9583,790,0,0
49,88606,16889,348,6,0
63,40616,32413,401,3,0
31,132665,17275,515,0,1
38,135373,7461,737,14,1
32,80072,19291,458,7,0
29,54574,16435,788,11,1
30,33430,32935,541,21,0
64,149123,38453,304,21,0
37,42676,23544,660,17,0
58,40816,17258,758,14,0
27,62733,35841,547,16,0
33,115680,15736,721,28,0
60,32050,39964,314,13,0
62,139996,33044,421,13,0
29,63933,20997,576,17,0
47,54951,19215,752,19,0
22,62413,38069,689,17,0
25,64801,28911,593,15,0
49,85619,22030,745,0,0
57,62913,34334,509,22,0
58,142573,19571,601,26,1
39,149076,33927,522,10,0
28,70600,25714,302,14,0
21,87775,28387,817,11,1
42,120816,33444,392,7,0
37,120093,24921,819,21,0
27,142590,18057,727,19,0
45,65400,29858,792,29,1
24,34494,31062,534,5,0
56,110688,25567,460,2,0
26,119431,34739,630,27,0
51,104691,8754,632,23,0
39,127419,32044,349,25,0
64,138730,6724,822,29,0
59,73001,6376,791,12,0
47,97364,13706,571,12,1
30,75028,13894,551,1,0
46,137434,23037,389,4,0
39,127659,23450,745,16,1
59,67573,21406,631,5,0
23,30806,34725,438,1,0
33,86638,10926,656,3,0
48,136506,14496,573,21,1
40,59757,34806,318,25,0
48,64636,27663,610,10,0
28,110097,27656,453,7,1
61,78280,30860,689,11,0
59,54262,21832,559,7,1
21,110435,26727,424,10,1
23,92211,34545,653,21,0
33,84842,7520,572,19,0
48,86979,8081,544,7,0
45,144524,39196,749,28,0
53,111470,19566,546,7,0
58,68197,19042,819,25,0
26,71844,30498,440,29,1
64,94754,16329,661,16,0
52,131868,36656,307,19,0
41,64157,7159,777,19,1
36,107129,24363,651,22,1
41,70042,24033,794,15,0
31,91665,15805,726,13,1
57,145512,31832,338,29,0
56,146953,18944,486,10,1
55,112856,24873,392,6,0
39,57376,28928,385,15,0
40,139049,20379,343,12,0
38,85554,39546,436,26,0
61,44199,29286,720,14,0
34,148533,10110,373,23,0
35,111412,17087,847,15,0
51,80948,28762,811,26,1
21,103781,22081,455,20,0
23,102750,39947,554,22,0
36,96262,14596,470,23,0
43,147424,23313,469,8,0
31,76600,6013,621,2,1
32,106898,28705,755,18,1
30,92483,6828,454,19,0
52,48297,12909,648,4,0
36,60448,18109,750,9,0
28,56172,7023,472,16,0
58,72874,19537,309,14,1
32,37657,31661,564,22,0
44,114386,38848,737,24,0
48,55425,20379,546,7,0
28,56685,32766,845,14,0
48,142855,7563,798,20,1
56,54578,34197,428,29,0
46,58831,8586,626,13,0
28,37906,21087,703,19,0
48,91413,28225,658,27,0
48,84028,34750,316,6,0
57,37287,11643,573,20,0
61,63660,32523,415,22,0
56,105758,16005,390,11,0
47,90504,5161,381,16,0
37,89720,21029,623,16,0
29,132979,19226,413,9,0
53,64701,33731,357,29,0
40,113300,8390,453,28,0
33,140177,10997,703,18,0
48,47674,17693,565,13,0
49,113560,5541,614,10,0
33,141543,26817,340,1,0
55,53874,18428,404,17,0
26,73642,15258,492,6,0
38,127820,21044,700,11,0
25,95160,34411,577,25,0
45,47602,10469,653,1,0
22,133320,33854,555,26,0
30,118801,11256,398,19,1
50,55931,15720,581,17,0
25,124377,38937,702,5,0
53,59192,38598,408,23,0
21,76542,6651,498,9,0
38,72520,24194,602,19,0
52,94772,30051,626,14,0
31,88762,32386,453,4,1
41,80106,14518,704,19,0
46,111121,21184,761,2,1
45,55559,38787,431,4,0
42,135595,26621,383,29,0
47,63742,15028,698,24,0
33,99669,17448,408,7,0
53,110199,39051,520,7,0
54,51754,35447,667,7,0
61,33972,23394,446,11,0
55,100831,39501,411,23,1
21,142217,35254,793,22,1
41,71873,23509,804,7,0
26,124661,19472,774,10,0
48,136532,8471,570,13,0
37,39903,35268,720,7,0
25,33020,13329,666,28,0
51,71755,39865,579,29,0
25,115956,33272,582,23,0
58,116988,11397,339,27,0
23,75648,37373,488,9,1
43,133537,29570,463,6,0
57,39516,23284,835,27,1
57,142863,23994,835,16,0
30,145005,28284,303,3,0
30,32396,22833,589,28,0
39,114082,30122,732,12,0
37,49129,10017,770,3,0
41,31591,21370,480,4,0
34,41303,34252,547,25,0
29,60561,12999,578,21,0
21,101719,27436,553,3,0
33,148618,7096,480,17,0
24,122108,30279,808,5,0
21,129616,31201,625,23,0
60,116231,24715,656,23,0
52,37314,34309,690,22,0
54,147071,20078,384,21,1
48,49623,10105,616,1,0
51,97675,34312,511,22,0
28,142992,7839,814,10,0
59,126826,8384,683,27,0
46,95082,18493,641,13,0
54,113624,22069,337,29,0
23,135228,12531,810,4,0
32,63130,12736,719,5,0
21,81756,12710,468,9,0
64,127624,6619,642,7,0
25,56292,18975,605,13,0
50,141785,28252,841,23,1
50,116206,20261,836,2,0
37,99274,6431,411,11,0
43,32469,14067,710,15,0
35,83947,32037,505,27,0
57,52534,14557,484,29,1
41,93620,14435,681,22,0
34,78874,5162,795,16,1
22,79708,39742,678,0,1
31,104553,24675,346,22,0
59,98344,13461,827,9,0
58,79138,22015,803,24,0
54,84302,37591,321,22,1
58,77638,33047,512,9,0
54,108249,39782,609,20,0
38,135865,14833,571,23,0
50,32719,12896,501,1,0
35,52890,37972,331,8,0
47,107236,35508,742,21,0
54,66509,10347,461,12,1
58,72534,35314,553,24,1
53,132302,7643,820,15,1
44,122241,23681,779,17,0
35,48787,20892,309,18,0
50,78845,22073,804,11,0
62,87932,35682,735,7,0
37,122124,37262,410,16,0
25,121659,36358,452,14,0
49,63062,19289,401,9,0
24,105713,12927,490,14,1
30,117263,6171,380,14,0
37,125756,16918,788,22,0
30,90461,16929,387,6,0
37,105418,7539,493,12,0
40,96672,27669,403,16,0
44,64832,10432,395,8,1
25,61966,25644,722,7,1
54,102545,23745,497,19,1
26,42987,33228,300,25,1
22,67311,39521,706,26,0
33,61575,36703,677,20,0
63,93852,31928,466,17,0
63,31007,23322,808,12,0
31,100981,27360,612,15,0
43,106242,34055,717,8,0
36,77517,21376,776,11,0
51,140022,11588,372,11,0
31,59257,30000,440,5,0
36,117272,11304,561,18,0
28,72207,12345,639,27,0
24,43281,34300,607,6,0
60,91246,29259,544,24,0
24,31435,30470,814,2,0
45,128875,28017,636,15,0
23,130686,20352,375,17,0
52,121357,38365,474,15,0
23,56660,24446,408,22,0
47,35084,7336,482,6,0
49,112197,14879,491,3,0
52,43507,37316,364,26,0
39,102595,38340,773,24,0
41,113807,12521,399,29,0
25,75539,11171,843,7,0
38,145953,28481,427,12,0
48,37491,23474,751,12,0
62,142831,26008,668,16,0
42,80192,6633,342,16,0
41,110395,17485,718,4,0
26,93888,8648,787,5,0
21,103609,18140,377,18,0
25,39077,22921,569,12,0
61,147440,19357,614,24,0
32,50953,8137,467,27,0
46,106919,5097,638,25,0
54,144682,16407,492,13,0
34,97889,35575,752,21,0
46,53821,17722,582,3,1
47,67567,17924,635,27,0
29,145374,8750,689,6,0
46,54860,32733,824,7,0
42,51195,13535,539,24,0
50,107475,29487,782,12,0
63,120874,35651,757,26,0
37,117266,9666,388,5,0
46,51427,21994,394,5,1
56,130732,6727,751,23,0
21,57083,39622,727,27,0
28,117046,15800,450,20,1
55,87372,23708,813,29,0
35,74064,17819,675,2,1
42,37813,14369,321,27,0
34,61598,14283,612,2,1
46,142718,35573,818,12,0
48,123106,18171,505,21,0
43,57082,35933,674,1,1
34,59241,10774,750,15,0
44,126214,11519,478,21,0
22,74569,15983,509,28,0
46,41745,35932,799,5,0
34,56029,35798,763,7,0
27,43025,23133,423,22,0
23,131660,19939,412,7,0
43,44288,5781,311,29,0
63,119186,32624,425,24,0
38,36540,11823,630,5,0
58,127768,23489,582,13,0
55,111958,34118,439,2,0
35,98878,39881,700,9,0
45,71846,21280,396,2,0
57,131148,27263,816,26,0
48,105932,18565,368,11,0
30,47482,25354,417,16,0
59,53411,30643,358,26,1
37,80975,28648,332,28,0
59,90545,23658,617,4,0
42,142302,26253,349,29,0
46,108797,31390,788,19,0
64,82307,28128,318,24,1
45,33093,18489,496,8,0
37,107258,37658,749,29,0
33,52042,11852,751,20,1
40,82930,34450,588,25,0
45,147584,7551,440,19,0
24,74413,11411,383,6,0
30,143387,38243,690,21,0
23,123623,26800,514,3,1
61,127883,15403,825,12,1
38,63756,12239,514,12,0
56,83268,11710,702,9,0
42,69214,26384,427,17,1
54,111871,26038,776,16,0
28,58602,27447,703,19,0
60,83331,7285,328,19,1
64,78901,18521,637,12,0
39,129986,11971,660,16,0
62,93416,34139,691,21,0
61,62196,24909,517,3,1
57,35626,16531,501,0,0
26,37424,19721,316,0,0
46,42857,24206,621,14,0
54,140459,11530,817,12,0
26,145621,16116,624,16,0
57,49982,5258,711,23,0
53,106961,5282,617,25,0
42,31980,18937,381,7,0
41,78290,6898,773,17,1
26,56431,9135,767,26,0
26,114976,11629,724,12,1
24,137288,24584,503,22,0
50,112711,28551,686,13,0
31,144187,38380,397,7,0
50,56385,22071,644,7,0
51,68158,25074,507,26,1
44,53019,30188,813,25,0
29,48639,7307,465,14,0
23,115530,16205,321,26,0
51,129911,10906,453,12,0
60,51563,7591,738,6,0
57,69341,20149,594,4,0
56,145672,30150,518,16,0
44,35776,36852,794,27,0
51,66444,6283,529,24,0
26,98916,38691,319,28,0
22,38711,6125,447,15,0
40,104318,6529,407,22,0
48,112970,31170,702,1,0
31,142301,13438,782,21,0
24,115553,25095,666,17,0
35,60707,21154,713,16,0
26,69110,13004,608,29,1
50,91788,14752,433,6,0
58,112879,31819,582,12,0
22,68827,31515,372,17,1
35,137188,29217,780,28,1
31,35655,28172,651,13,0
28,74859,37994,625,29,1
46,83625,20036,742,17,0
64,82098,16739,399,12,0
25,45251,37220,358,10,0
26,30526,14587,807,20,0
46,98760,35129,557,29,0
24,77837,5645,712,20,0
39,41536,35930,751,15,0
40,58541,21299,364,22,1
53,109083,35090,453,16,1
40,81027,26953,565,7,0
32,64531,31475,378,18,1
21,38712,23888,614,19,1
46,134101,21087,547,14,0
34,95455,14346,713,8,0
58,104744,5587,324,19,0
57,35109,17763,583,9,1
31,79268,9079,748,11,0
56,130737,25215,600,20,0
33,84615,30817,367,22,0
63,112503,29765,306,19,0
23,59759,35112,436,29,0
53,115708,30556,463,0,0
26,90112,23099,382,24,0
30,132471,11450,719,19,1
25,56589,18230,372,8,1
43,60015,34009,536,21,0
30,59009,10433,345,14,1
64,113309,38866,561,0,0
22,92046,23710,475,11,0
33,136661,16439,465,2,0
60,56143,21021,669,10,1
22,36154,11416,353,1,1
40,51804,11980,718,15,0
21,71688,23058,806,8,1
57,94288,16101,640,14,0
29,81195,37602,426,11,0
37,50581,14122,708,0,0
29,82648,17576,666,12,0
31,60087,32516,570,13,0
35,79930,27433,678,24,1
44,62981,6089,372,24,0
58,99298,14127,547,7,0
55,76167,15487,342,7,0
50,105304,5155,676,26,0
51,73408,6958,340,29,1
25,69499,15693,469,11,0
64,82269,33795,511,0,0
34,68559,26447,792,10,1
31,144126,30215,338,7,0
29,104319,14794,668,9,0
54,141925,38209,450,29,0
32,125317,27424,410,18,0
55,126347,11370,779,10,0
55,78787,14528,735,6,0
21,65488,33276,346,10,1
60,104441,13179,665,16,1
42,104663,21843,368,0,0
49,52431,28952,598,25,0
28,91681,38160,595,28,1
31,93483,34516,502,20,0
61,79153,15449,360,20,0
57,36368,26125,613,7,0
34,57424,12418,460,22,1
50,142360,27746,630,23,0
55,75004,7454,827,5,0
41,113869,22761,637,21,0
57,118652,20223,603,17,1
25,142755,11701,802,5,0
39,86985,7597,637,4,1
34,80069,5141,849,12,0
46,82326,7659,574,18,0
24,138737,25980,463,21,0
45,111061,14031,742,7,0
62,53398,20037,618,8,1
45,128393,11142,803,16,0
38,80861,17109,686,2,0
60,105897,27010,793,18,0
28,111905,13787,789,10,0
59,98577,13472,372,23,0
60,95641,28383,808,16,0
34,39078,9249,689,20,1
52,55003,39518,594,18,0
58,92768,23351,668,1,0
53,81047,9088,848,7,0
43,101626,20282,486,18,0
35,87660,24330,744,6,0
53,134386,26778,662,27,1
45,79786,29264,422,26,0
37,31925,10075,487,16,0
53,113976,15412,719,5,0
22,135221,33365,551,18,1
34,147832,12230,848,23,0
60,56015,16002,634,5,0
60,63320,18947,391,27,0
